Provider,num_claims,total_reimbursed,avg_reimbursed,num_beneficiaries,z_total,z_avg,z_claims,flagged_zscore,iso_flag,flagged_isoforest,PotentialFraud
PRV51005,1165,280910,241.1244635193133,495,0.6625571848080426,-0.4303931934666436,3.8975576286774447,True,-1,True,Yes
PRV51030,171,739760,4326.081871345029,145,2.3701484750047483,0.7420466138446125,0.24893814633667896,True,1,False,No
PRV51100,5,78000,15600.0,5,-0.09256398484176366,3.9778185151821592,-0.3603886485009137,True,1,False,No
PRV51102,12,148000,12333.333333333334,11,0.16793811892584976,3.040239574975942,-0.3346941451041477,True,1,False,No
PRV51119,95,1080580,11374.526315789473,81,3.6384960036630054,2.7650485747603124,-0.030030747685351397,True,-1,True,Yes
PRV51121,7,81080,11582.857142857143,7,-0.08110189227598867,2.82484243069533,-0.3530473618161234,True,1,False,No
PRV51126,20,177000,8850.0,14,0.27586041905814673,2.040474276490741,-0.3053289983649866,True,1,False,Yes
PRV51136,1,20000,20000.0,1,-0.30840858510635766,5.240679944847676,-0.3750712218704942,True,1,False,No
PRV51145,202,1606350,7952.227722772277,161,5.59512730506155,1.7828010988694072,0.3627280899509282,True,-1,True,Yes
PRV51146,352,1680910,4775.3125,334,5.872599260160311,0.8709820761066024,0.9133245913101986,True,-1,True,Yes
PRV51149,148,1120680,7572.1621621621625,136,3.7877264945355957,1.6737169767696995,0.16451334946159082,True,-1,True,Yes
PRV51159,569,797790,1402.091388400703,506,2.5861047190281,-0.09717947743253218,1.7098541966099432,True,-1,True,Yes
PRV51160,114,872020,7649.298245614035,110,2.8623485927805277,1.6958561096394338,0.039711475820156196,True,-1,True,No
PRV51170,16,145820,9113.75,16,0.15982533912280122,2.1161742087803503,-0.3200115717345672,True,1,False,Yes
PRV51196,720,197060,273.69444444444446,432,0.35051287908069423,-0.42104515422225963,2.264121341311609,True,1,False,No
PRV51207,3,51000,17000.0,3,-0.1930433677235574,4.379638060984823,-0.36772993518570396,True,1,False,No
PRV51232,1,26000,26000.0,1,-0.28607983335484793,6.962763712573381,-0.3750712218704942,True,-1,True,No
PRV51233,3,27000,9000.0,3,-0.2823583747295963,2.0835263706838836,-0.36772993518570396,True,1,False,No
PRV51236,1,12000,12000.0,1,-0.3381802541083706,2.944568254546736,-0.3750712218704942,True,1,False,No
PRV51237,1,19000,19000.0,1,-0.31213004373160924,4.953665983560058,-0.3750712218704942,True,1,False,No
PRV51238,8,132000,16500.0,8,0.10839478092182382,4.236131080341015,-0.34937671847372825,True,1,False,No
PRV51244,1415,2153990,1522.2544169611308,659,7.633146906594348,-0.06269101060508667,4.815218464276229,True,-1,True,Yes
PRV51248,2,23500,11750.0,2,-0.295383479917977,2.872814764224832,-0.3714005785280991,True,1,False,No
PRV51347,2067,596900,288.7760038703435,947,1.838500895801302,-0.4167165361090377,7.208477923517858,True,-1,True,Yes
PRV51369,2083,601910,288.96303408545367,963,1.8571454035138126,-0.41666285582611845,7.267208216996179,True,-1,True,Yes
PRV51378,161,1215370,7548.88198757764,133,4.140111411760672,1.6670352416427283,0.2122317129127276,True,-1,True,Yes
PRV51390,275,1607260,5844.581818181819,253,5.5985138324105295,1.1778772988012762,0.6306850539457731,True,-1,True,Yes
PRV51393,910,906370,996.010989010989,329,2.9901806965579207,-0.2137302214626318,2.961543576366685,True,-1,True,Yes
PRV51399,211,845070,4005.071090047393,199,2.7620552828299965,0.6499120378883451,0.3957638800324844,True,-1,True,Yes
PRV51421,139,884780,6365.323741007194,135,2.9098344048387386,1.3273375008799178,0.1314775593800346,True,-1,True,Yes
PRV51433,1610,454630,282.37888198757764,862,1.309048977186754,-0.41855259940145007,5.53099391604328,True,-1,True,Yes
PRV51456,135,1038990,7696.222222222223,124,3.483720539438791,1.7093239460451168,0.11679498601045406,True,-1,True,No
PRV51459,8240,2321890,281.78276699029124,2857,8.257979809774094,-0.41872369272820414,29.867359276123036,True,-1,True,Yes
PRV51471,180,1602210,8901.166666666666,173,5.579720466353009,2.055159824176624,0.2819739364182352,True,-1,True,Yes
PRV51480,1924,557880,289.95841995841994,759,1.6932895802439838,-0.41637716618370874,6.6835759255553535,True,-1,True,Yes
PRV51495,141,845690,5997.801418439716,127,2.7643625871776525,1.2218534632182003,0.13881884606482486,True,-1,True,Yes
PRV51501,233,2071310,8889.742489270386,217,7.325456707458543,2.0518809257676653,0.47651803356517736,True,-1,True,Yes
PRV51507,1013,337340,333.01085883514315,726,0.8725590950309915,-0.4040205151586073,3.339619840633384,True,-1,True,Yes
PRV51509,1030,322130,312.747572815534,493,0.8159557093409143,-0.4098363611477993,3.4020207774541014,True,-1,True,No
PRV51523,65,733810,11289.384615384615,65,2.348005796184501,2.7406117180563507,-0.14015004795720548,True,-1,True,No
PRV51539,538,854240,1587.806691449814,488,2.796181058423554,-0.04387659263267647,1.5960642529956939,True,-1,True,Yes
PRV51542,113,964660,8536.814159292035,97,3.207104519823838,1.9505855677299553,0.036040832477761055,True,-1,True,Yes
PRV51560,238,1956190,8219.285714285714,204,6.8970423905195775,1.8594504709071937,0.49487125027715306,True,-1,True,Yes
PRV51567,1632,465400,285.171568627451,827,1.349129086580714,-0.41775105934630496,5.611748069575973,True,-1,True,Yes
PRV51574,4444,1281810,288.4360936093609,1715,4.3873651228223896,-0.41681409509952466,15.933597148391097,True,-1,True,Yes
PRV51578,1500,1662920,1108.6133333333332,1280,5.805650219492034,-0.18141177656840352,5.127223148379815,True,-1,True,Yes
PRV51585,6,77080,12846.666666666666,6,-0.09598772677699516,3.187573408436919,-0.35671800515851854,True,1,False,No
PRV51586,8,72510,9063.75,8,-0.11299479269439507,2.1018235107159695,-0.34937671847372825,True,1,False,Yes
PRV51590,84,781380,9302.142857142857,82,2.5250355829877207,2.1702455889872136,-0.0704078244516979,True,-1,True,Yes
PRV51598,422,779530,1847.2274881516587,399,2.518150884531005,0.030580797869109656,1.1702696252778582,True,-1,True,No
PRV51604,329,697510,2120.091185410334,257,2.2129168480878674,0.10889648851090733,0.8288997944351104,True,1,False,Yes
PRV51614,268,1472150,5493.0970149253735,243,5.095707557552783,1.076996253086245,0.6049905505490072,True,-1,True,Yes
PRV51629,22,213000,9681.818181818182,20,0.4098329295672051,2.279217707925441,-0.29798771168019633,True,1,False,No
PRV51805,3,67000,22333.333333333332,3,-0.13350002971953148,5.910379187852116,-0.36772993518570396,True,-1,True,Yes
PRV51806,1,13000,13000.0,1,-0.33445879548311896,3.2315822158343535,-0.3750712218704942,True,1,False,No
PRV51807,7,98000,14000.0,7,-0.018134812336731265,3.518596177121971,-0.3530473618161234,True,1,False,No
PRV51809,27,242020,8963.703703703704,26,0.517829658872007,2.0731088269038147,-0.2796344949682207,True,1,False,No
PRV51810,3,29000,9666.666666666666,3,-0.2749154574790931,2.2748690115422954,-0.36772993518570396,True,1,False,No
PRV51811,15,199000,13266.666666666666,15,0.35773250881368235,3.308119272177718,-0.3236822150769623,True,1,False,No
PRV51813,10,110000,11000.0,10,0.02652269116628818,2.6575542932591185,-0.34203543178893797,True,1,False,No
PRV51816,7,68000,9714.285714285714,7,-0.12977857109427987,2.288536343032182,-0.3530473618161234,True,1,False,No
PRV51818,29,267000,9206.896551724138,27,0.6107916953307926,2.142908569570977,-0.2722932082834304,True,1,False,Yes
PRV51821,10,138000,13800.0,10,0.13072353267333353,3.4611933848644476,-0.34203543178893797,True,1,False,No
PRV51826,21,265000,12619.047619047618,20,0.6033487780802893,3.122243563915261,-0.3016583550225915,True,1,False,Yes
PRV51828,11,111000,10090.90909090909,11,0.0302441497915398,2.396632510270375,-0.33836478844654283,True,1,False,No
PRV51831,2,28000,14000.0,2,-0.27863691610434466,3.518596177121971,-0.3714005785280991,True,1,False,No
PRV51836,1794,505000,281.4938684503902,644,1.496498848140678,-0.41880661064255137,6.2063922910439855,True,-1,True,Yes
PRV51842,294,1220600,4151.700680272109,223,4.159574640370738,0.6919967774207209,0.7004272774512806,True,-1,True,Yes
PRV51851,472,669490,1418.4110169491526,336,2.108641577408317,-0.09249551619609916,1.353801792397615,True,-1,True,Yes
PRV51860,776,244610,315.21907216494844,351,0.5274682367114087,-0.4091270063292041,2.4696773684857365,True,1,False,No
PRV51868,144,1099710,7636.875,123,3.709687507164069,1.6922904647037003,0.1498307760920103,True,-1,True,Yes
PRV51919,6,101000,16833.333333333332,6,-0.006970436460976403,4.33180240077022,-0.35671800515851854,True,1,False,No
PRV51927,6,64050,10675.0,6,-0.14447833266402377,2.564274755840643,-0.35671800515851854,True,1,False,No
PRV51940,251,1992270,7937.330677290836,227,7.031312617718656,1.778525438834297,0.5425896137282898,True,-1,True,Yes
PRV51948,515,1519950,2951.359223300971,354,5.27359327983981,0.3474820209576842,1.511639456120606,True,-1,True,Yes
PRV51954,643,450930,701.2908242612752,577,1.295279580273323,-0.29831902341878636,1.9814818039471835,False,-1,True,No
PRV51959,751,213350,284.08788282290277,398,0.41113544008604314,-0.41806209230185953,2.377911284925858,True,1,False,No
PRV51976,7,61000,8714.285714285714,7,-0.1558287814710412,2.0015223817445644,-0.3530473618161234,True,1,False,No
PRV51979,13,136000,10461.538461538461,12,0.12328061542283031,2.5030083141042474,-0.3310235017617526,True,1,False,Yes
PRV52001,1177,320620,272.4044180118946,744,0.8103363068167844,-0.42141540981883147,3.941605348786186,True,-1,True,No
PRV52003,154,806950,5239.935064935065,144,2.6201932800354046,1.0043352389722289,0.18653720951596164,True,-1,True,No
PRV52019,1961,5996050,3057.6491585925546,1734,21.93121423232859,0.3779887163307262,6.819389729223973,True,-1,True,Yes
PRV52020,606,1164820,1922.145214521452,577,3.9519916782542026,0.05208323128516586,1.8456680002785633,True,-1,True,Yes
PRV52021,613,1951850,3184.094616639478,570,6.880891260085985,0.41428032813160093,1.8713625036753292,True,-1,True,Yes
PRV52030,2275,681360,299.4989010989011,1179,2.152815291290054,-0.4136389148989894,7.971971738736046,True,-1,True,Yes
PRV52032,627,698640,1114.2583732057417,568,2.2171220963344016,-0.179791571312997,1.9227515104688613,True,-1,True,Yes
PRV52041,1885,604980,320.9442970822281,918,1.868570281493335,-0.40748378684643316,6.540420835201942,True,-1,True,Yes
PRV52059,1287,540810,420.2097902097902,430,1.6297642815109386,-0.37899320444472273,4.345376116449652,True,-1,True,Yes
PRV52063,792,1116210,1409.3560606060605,728,3.771091574480721,-0.09509441508541645,2.5284076619640588,True,-1,True,No
PRV52064,2844,1119680,393.69901547116734,1536,3.784005035910344,-0.38660216691925864,10.060567800558879,True,-1,True,Yes
PRV52065,325,1250280,3847.0153846153844,316,4.270027532368206,0.6045478437681954,0.81421722106553,True,-1,True,Yes
PRV52066,1455,386530,265.65635738831617,630,1.0556176448071186,-0.4233521974294137,4.962044197972034,True,-1,True,Yes
PRV52071,749,259850,346.92923898531376,328,0.5841832661602434,-0.40002574573699995,2.3705699982410677,True,1,False,No
PRV52077,1156,1364150,1180.060553633218,695,4.693790026025608,-0.1609054268471445,3.8645218385958886,True,-1,True,Yes
PRV52085,824,240620,292.0145631067961,747,0.5126196167966548,-0.41578702439371884,2.6458682489207033,True,-1,True,No
PRV52100,201,1533150,7627.611940298508,177,5.322716533693132,1.689631837245131,0.35905744660853306,True,-1,True,Yes
PRV52104,1189,347070,291.9007569386039,663,0.9087688874546898,-0.41581968835287064,3.985653068894928,True,-1,True,No
PRV52114,1269,1418220,1117.5886524822695,633,4.895009293892963,-0.1788357346656467,4.2793045362865385,True,-1,True,Yes
PRV52120,1231,1950720,1584.6628757108042,1098,6.876686011839451,-0.04477891164148804,4.139820089275523,True,-1,True,Yes
PRV52123,256,1447140,5652.890625,219,5.00263387733524,1.1228592501022123,0.5609428304402655,True,-1,True,Yes
PRV52135,263,1825550,6941.254752851711,239,6.410871035716705,1.4926377420177983,0.5866373338370314,True,-1,True,Yes
PRV52141,671,220290,328.301043219076,341,0.4369623629452894,-0.40537229799550906,2.0842598175342473,True,1,False,No
PRV52154,742,194350,261.92722371967653,705,0.3404277262062623,-0.424422510855821,2.344875494844302,True,-1,True,No
PRV52173,119,1381400,11608.403361344537,108,4.757985187311198,2.832174552059316,0.058064692532131874,True,-1,True,Yes
PRV52176,21,312000,14857.142857142857,21,0.7782573334671155,3.764608143939929,-0.3016583550225915,True,1,False,No
PRV52178,136,1379590,10144.04411764706,121,4.751249347199493,2.4118830047775632,0.1204656293528492,True,-1,True,Yes
PRV52195,10,120000,12000.0,10,0.06373727741880438,2.944568254546736,-0.34203543178893797,True,1,False,Yes
PRV52197,10,114000,11400.0,10,0.04140852566729466,2.7723598777741656,-0.34203543178893797,True,1,False,No
PRV52266,37,460400,12443.243243243243,30,1.3305217934544558,3.0717852536039505,-0.2429280615442693,True,-1,True,No
PRV52278,16,235000,14687.5,16,0.4917050193227407,3.715918275507208,-0.3200115717345672,True,1,False,No
PRV52279,83,783300,9437.349397590362,77,2.532180783548204,2.2090517537530467,-0.07407846779409304,True,-1,True,No
PRV52280,41,395000,9634.146341463415,38,1.0871383993629997,2.2655352241833486,-0.22824548817468876,True,1,False,Yes
PRV52281,41,408000,9951.219512195123,41,1.1355173614912708,2.356539650933081,-0.22824548817468876,True,1,False,No
PRV52282,6,77000,12833.333333333334,6,-0.09628544346701529,3.183746555619751,-0.35671800515851854,True,1,False,No
PRV52283,66,594700,9010.60606060606,54,1.8303136868257484,2.0865704581520856,-0.13647940461481034,True,1,False,Yes
PRV52286,5,90000,18000.0,5,-0.04790648133874423,4.666652022272441,-0.3603886485009137,True,1,False,No
PRV52292,25,303000,12120.0,25,0.7447642058398509,2.9790099299012502,-0.28697578165301096,True,1,False,Yes
PRV52307,175,806460,4608.342857142857,167,2.6183697653090316,0.823059457495395,0.2636207197062595,True,-1,True,Yes
PRV52320,366,874200,2388.5245901639346,292,2.870461372583576,0.18594062335116054,0.9647135981037305,True,-1,True,Yes
PRV52337,773,205790,266.22250970245796,226,0.38300121287914085,-0.4231897038110397,2.458665438458551,True,1,False,Yes
PRV52340,1743,2540130,1457.3321858864028,693,9.070150940149007,-0.0813245973214744,6.019189480581834,True,-1,True,Yes
PRV52342,218,652190,2991.697247706422,184,2.044260343191464,0.3590595971328093,0.42145838342925035,True,1,False,No
PRV52347,397,715090,1801.2342569269522,342,2.278340090719791,0.017380098382889304,1.0785035417179798,True,-1,True,Yes
PRV52365,739,202130,273.51826792963465,381,0.36938067431071997,-0.421095719341661,2.3338635648171167,True,1,False,No
PRV52395,912,268430,294.3311403508772,444,0.6161133811649023,-0.4151221343822664,2.9688848630514753,True,-1,True,No
PRV52445,5,102000,20400.0,5,-0.003248977835724783,5.355485529362723,-0.3603886485009137,True,-1,True,Yes
PRV52446,10,129000,12900.0,10,0.09723040504606896,3.202880819705592,-0.34203543178893797,True,1,False,No
PRV52449,6,126000,21000.0,5,0.0860660291703141,5.527693906135293,-0.35671800515851854,True,-1,True,No
PRV52457,9,117000,13000.0,9,0.05257290154304952,3.2315822158343535,-0.3457060751313331,True,1,False,No
PRV52458,1,27000,27000.0,1,-0.2823583747295963,7.249777673860998,-0.3750712218704942,True,-1,True,No
PRV52459,50,505900,10118.0,49,1.4998481609034044,2.40440797940344,-0.19520969809313254,True,1,False,No
PRV52466,13,139000,10692.307692307691,11,0.13444499129858517,2.569242305170621,-0.3310235017617526,True,1,False,No
PRV52511,246,720280,2927.967479674797,196,2.297654460984847,0.34076826395811166,0.5242363970163142,True,1,False,Yes
PRV52536,1,14000,14000.0,1,-0.3307373368578674,3.518596177121971,-0.3750712218704942,True,1,False,No
PRV52537,1,57000,57000.0,1,-0.17071461597204768,15.860196512489523,-0.3750712218704942,True,-1,True,No
PRV52573,587,158670,270.30664395229985,520,0.20764608245728453,-0.42201750026156215,1.7759257767730556,False,-1,True,No
PRV52574,259,1533830,5922.123552123552,208,5.3252471255583025,1.2001328590250033,0.5719547604674509,True,-1,True,Yes
PRV52589,426,832920,1955.2112676056338,368,2.7168395605331894,0.06157365016500349,1.1849521986474387,True,-1,True,Yes
PRV52590,208,1227580,5901.826923076923,190,4.185550421574995,1.1943074431215452,0.384751950005299,True,-1,True,Yes
PRV52605,1000,253880,253.88,401,0.5619661581674913,-0.426732176412973,3.2919014771822472,True,-1,True,No
PRV52627,5,46070,9214.0,5,-0.2113901587460479,2.144947358399434,-0.3603886485009137,True,1,False,No
PRV52628,2098,604120,287.9504289799809,1354,1.8653698270756187,-0.4169534876286603,7.322267867132107,True,-1,True,Yes
PRV52630,434,873470,2012.6036866359448,260,2.8677447077871427,0.07804607569877188,1.2143173453865999,True,-1,True,Yes
PRV52631,1057,321750,304.399243140965,804,0.8145415550633187,-0.4122324483178324,3.50112814769877,True,-1,True,No
PRV52642,436,1328240,3046.422018348624,263,4.560152446792823,0.3747663703353841,1.22165863207139,True,-1,True,Yes
PRV52648,842,255250,303.14726840855104,259,0.567064556484086,-0.4125917825452145,2.7119398290838155,True,1,False,Yes
PRV52649,2156,602190,279.30890538033395,1421,1.858187411928883,-0.4194337255485554,7.535165180991025,True,-1,True,Yes
PRV52652,743,190560,256.47375504710635,503,0.3263233980165587,-0.4259877325022933,2.348546138186697,True,-1,True,Yes
PRV52656,775,239770,309.3806451612903,631,0.509456376965191,-0.41080271639121263,2.4660067251433415,True,-1,True,No
PRV52696,3,96000,32000.0,3,-0.025577729587234505,8.684847480299085,-0.36772993518570396,True,-1,True,No
PRV52804,1,36000,36000.0,1,-0.2488652471023317,9.832903325449555,-0.3750712218704942,True,-1,True,No
PRV52810,6,76000,12666.666666666666,6,-0.10000690209226691,3.135910895405148,-0.35671800515851854,True,1,False,No
PRV52815,26,390000,15000.0,24,1.0685311062367417,3.8056101384095884,-0.2833051383106158,True,-1,True,Yes
PRV52821,713,1822970,2556.760168302945,389,6.401269672463556,0.23422658306235047,2.238426837914843,True,-1,True,Yes
PRV52827,804,282060,350.82089552238807,296,0.6668368622270819,-0.39890878597832335,2.5724553820728002,True,1,False,No
PRV52846,241,2117010,8784.273858921162,222,7.495527366632543,2.021609956379555,0.5058831803043384,True,-1,True,Yes
PRV52859,911,287930,316.059275521405,441,0.688681824357309,-0.40888585623558044,2.96521421970908,True,-1,True,No
PRV52884,707,237930,336.53465346534654,213,0.502608893094728,-0.40300913690302864,2.216402977860472,True,1,False,Yes
PRV52903,200,1568110,7840.55,191,5.452818727231929,1.750748033268956,0.3553868032661379,True,-1,True,Yes
PRV52972,17,220000,12941.176470588236,14,0.4358831399439664,3.2146990416409644,-0.31634092839217204,True,1,False,No
PRV52978,5,59000,11800.0,5,-0.16327169872154446,2.8871654622892127,-0.3603886485009137,True,1,False,No
PRV52979,6,68000,11333.333333333334,6,-0.12977857109427987,2.7532256136883246,-0.35671800515851854,True,1,False,No
PRV52985,1403,1720120,1226.0299358517464,500,6.018517652856427,-0.14771157235866011,4.771170744167487,True,-1,True,Yes
PRV52989,177,882590,4986.38418079096,138,2.9016844104494375,0.9315625953260515,0.2709620063910498,True,-1,True,Yes
PRV53000,703,200250,284.850640113798,469,0.3623843320952469,-0.4178431703102987,2.201720404490892,True,-1,True,No
PRV53033,2,75000,37500.0,1,-0.10372836071751852,10.263424267380982,-0.3714005785280991,True,-1,True,No
PRV53061,1,9000,9000.0,1,-0.34934462998412547,2.0835263706838836,-0.3750712218704942,True,1,False,No
PRV53095,4,36100,9025.0,4,-0.24849310123980656,2.090701719716074,-0.3640592918433088,True,1,False,No
PRV53114,29,364680,12575.172413793103,22,0.9743037738453708,3.1096507674528553,-0.2722932082834304,True,1,False,Yes
PRV53135,7,68000,9714.285714285714,6,-0.12977857109427987,2.288536343032182,-0.3530473618161234,True,1,False,No
PRV53220,5,110000,22000.0,5,0.02652269116628818,5.814707867422911,-0.3603886485009137,True,-1,True,No
PRV53236,9,96000,10666.666666666666,8,-0.025577729587234505,2.561882972829913,-0.3457060751313331,True,1,False,No
PRV53242,259,1176290,4541.660231660232,209,3.9946768086858384,0.8039206130065683,0.5719547604674509,True,-1,True,Yes
PRV53266,257,974110,3790.3112840466924,228,3.2422723038324657,0.5882729752427237,0.5646134737826607,True,-1,True,Yes
PRV53269,456,1045640,2293.0701754385964,357,3.508468239296714,0.15854387365845013,1.2950714989192929,True,-1,True,Yes
PRV53336,3,34000,11333.333333333334,3,-0.25630816435283493,2.7532256136883246,-0.36772993518570396,True,1,False,No
PRV53379,11,153000,13909.09090909091,10,0.18654541205210784,3.492503998823097,-0.33836478844654283,True,1,False,Yes
PRV53385,1037,1362570,1313.953712632594,418,4.68791012139771,-0.12247622089342078,3.427715280850867,True,-1,True,Yes
PRV53394,1215,785420,646.4362139917696,368,2.5400702758337372,-0.3140630624071256,4.081089795797202,True,-1,True,No
PRV53397,14,122270,8733.57142857143,14,0.07218498849812556,2.0070576509979685,-0.32735285841935746,True,1,False,Yes
PRV53401,303,1143010,3772.3102310231025,275,3.8708266656374644,0.5831064217070747,0.733463067532837,True,-1,True,Yes
PRV53421,129,999910,7751.240310077519,110,3.3382859363639574,1.7251149053829355,0.09477112595608324,True,-1,True,Yes
PRV53461,36,425080,11807.777777777777,32,1.1990798748105687,2.8893977930992274,-0.24659870488666444,True,1,False,Yes
PRV53509,1,15000,15000.0,1,-0.32701587823261574,3.8056101384095884,-0.3750712218704942,True,1,False,No
PRV53513,2,18000,9000.0,2,-0.3158515023568609,2.0835263706838836,-0.3714005785280991,True,1,False,No
PRV53515,1,14000,14000.0,1,-0.3307373368578674,3.518596177121971,-0.3750712218704942,True,1,False,No
PRV53591,6,70000,11666.666666666666,6,-0.12233565384377663,2.8488969341175303,-0.35671800515851854,True,1,False,No
PRV53598,8,70000,8750.0,8,-0.12233565384377663,2.0117728803619794,-0.34937671847372825,True,1,False,No
PRV53623,894,245450,274.5525727069351,395,0.5305942619566202,-0.42079885943034934,2.9028132828883626,True,-1,True,Yes
PRV53667,9,155000,17222.222222222223,8,0.1939883293026111,4.443418941270961,-0.3457060751313331,True,1,False,No
PRV53668,16,141200,8825.0,16,0.14263220027413873,2.0332989274585507,-0.3200115717345672,True,1,False,Yes
PRV53670,1173,322450,274.89343563512364,788,0.8171465761009948,-0.4207010270110738,3.926922775416606,True,-1,True,Yes
PRV53675,297,747680,2517.4410774410776,276,2.399622427316741,0.2229414550398581,0.7114392074784661,True,-1,True,No
PRV53677,562,773150,1375.711743772242,172,2.4944079785019,-0.10475080373470637,1.6841596932131773,True,-1,True,Yes
PRV53679,826,283020,342.6392251815981,667,0.6704094625073235,-0.40125703959278297,2.653209535605493,True,-1,True,No
PRV53692,244,1397600,5727.868852459016,216,4.818272817040275,1.1443790481755485,0.5168951103315239,True,-1,True,Yes
PRV53697,114,879270,7712.894736842105,100,2.8893291678136017,1.714109190510795,0.039711475820156196,True,-1,True,No
PRV53700,913,220320,241.31434830230012,454,0.4370740067040469,-0.4303386938828904,2.9725555063938702,True,-1,True,No
PRV53702,1010,289070,286.2079207920792,729,0.6929242871900958,-0.41745361180624607,3.3286079106061983,True,-1,True,No
PRV53706,473,2831940,5987.188160676533,445,10.156109781583682,1.2188073100654224,1.35747243574001,True,-1,True,Yes
PRV53712,237,1882420,7942.700421940928,203,6.622510387734765,1.780066630517423,0.4912006069347579,True,-1,True,Yes
PRV53750,1245,353470,283.9116465863454,380,0.9325862226563002,-0.41811267456223633,4.191209096069056,True,-1,True,No
PRV53762,618,1082730,1751.990291262136,557,3.6464971397072965,0.0032463927279189875,1.8897157203873052,True,-1,True,Yes
PRV53763,58,739000,12741.379310344828,57,2.367320166449557,3.157354467225487,-0.16584455135397144,True,-1,True,Yes
PRV53769,377,1685180,4469.9734748010615,354,5.8884898884901355,0.7833455129485555,1.005090674870077,True,-1,True,Yes
PRV53770,253,849520,3357.786561264822,239,2.778615773712366,0.4641323412022704,0.5499309004130801,True,-1,True,No
PRV53773,567,175830,310.1058201058201,531,0.27150631246660234,-0.41059458105775665,1.7025129099251528,False,-1,True,No
PRV53781,393,963190,2450.8651399491096,371,3.201633975644718,0.20383323149385155,1.0638209683483992,True,-1,True,Yes
PRV53786,1382,715760,517.9160636758321,538,2.2808334679987095,-0.3509501398545829,4.694087233977189,True,-1,True,Yes
PRV53790,493,642230,1302.6977687626775,470,2.0071946152839577,-0.1257068339315566,1.430885302587913,True,-1,True,Yes
PRV53797,4739,1303600,275.0791306182739,2020,4.468455706266623,-0.42064772995836863,17.01643693439766,True,-1,True,Yes
PRV53799,753,306440,406.95883134130145,676,0.7575660235107164,-0.382796414640427,2.3852525716106485,True,-1,True,No
PRV53808,493,1927250,3909.2292089249495,468,6.789343377904795,0.6224040799301356,1.430885302587913,True,-1,True,Yes
PRV53857,10,140000,14000.0,10,0.13816644992383678,3.518596177121971,-0.34203543178893797,True,1,False,No
PRV53865,6,60000,10000.0,6,-0.15955024009629282,2.370540331971501,-0.35671800515851854,True,1,False,No
PRV53871,1220,272730,223.54918032786884,531,0.6321156532534843,-0.43543754511617183,4.099443012509177,True,-1,True,No
PRV53884,269,1039970,3866.059479553903,226,3.4873675688915373,0.6100137648956372,0.6086611938914023,True,-1,True,Yes
PRV53895,1273,401380,315.30243519245874,576,1.1108813053921052,-0.4091030799764535,4.293987109656119,True,-1,True,Yes
PRV53900,789,201850,255.83016476552598,317,0.3683386658956495,-0.4261724518984559,2.5173957319368734,True,1,False,Yes
PRV53918,3588,1014510,282.75083612040135,1709,3.392619232292631,-0.418445843372371,12.79152644730086,True,-1,True,Yes
PRV53921,768,322230,419.5703125,498,0.8163278552034395,-0.3791767434753648,2.4403122217465754,True,-1,True,No
PRV53932,304,920140,3026.7763157894738,283,3.0414251818276354,0.3691277794216041,0.737133710875232,True,-1,True,No
PRV53938,111,653670,5888.918918918919,89,2.0497681019568366,1.1906026657158395,0.028699545792970786,True,1,False,Yes
PRV53958,713,475260,666.5638148667601,340,1.385822668625695,-0.30828615994877845,2.238426837914843,True,-1,True,No
PRV53959,214,896830,4190.794392523365,202,2.9546779812730204,0.703217218635392,0.40677581005966984,True,-1,True,Yes
PRV53961,129,811460,6290.387596899225,124,2.6369770584352894,1.3058297813158697,0.09477112595608324,True,-1,True,Yes
PRV53970,4,65200,16300.0,4,-0.1401986552449844,4.178728288083491,-0.3640592918433088,True,1,False,No
PRV54052,6,75000,12500.0,6,-0.10372836071751852,3.0880752351905447,-0.35671800515851854,True,1,False,No
PRV54056,21,197000,9380.952380952382,15,0.3502895915631791,2.192865022602976,-0.3016583550225915,True,1,False,Yes
PRV54059,18,172000,9555.555555555555,18,0.25725312593188865,2.2429785713992265,-0.3126702850497769,True,1,False,No
PRV54060,16,164000,10250.0,16,0.22748145692987568,2.4422938222934056,-0.3200115717345672,True,1,False,No
PRV54070,1467,393990,268.56850715746424,1177,1.0833797261514957,-0.4225163697883077,5.0060919180807755,True,-1,True,Yes
PRV54075,1519,697520,459.1968400263331,910,2.21295406267412,-0.3678033768379591,5.196965371885323,True,-1,True,Yes
PRV54081,14,135200,9657.142857142857,13,0.120303448522629,2.272135545244318,-0.32735285841935746,True,1,False,No
PRV54200,13,173090,13314.615384615385,13,0.2613095158334129,3.3218812236548425,-0.3310235017617526,True,1,False,No
PRV54202,10,137000,13700.0,10,0.12700207404808192,3.432491988735686,-0.34203543178893797,True,1,False,No
PRV54204,4,62200,15550.0,4,-0.15136303112073926,3.963467817117778,-0.3640592918433088,True,1,False,No
PRV54258,238,1217250,5114.495798319328,201,4.147107753976145,0.9683324181598325,0.49487125027715306,True,-1,True,Yes
PRV54297,8,168000,21000.0,7,0.24236729143088215,5.527693906135293,-0.34937671847372825,True,-1,True,Yes
PRV54298,3,38000,12666.666666666666,3,-0.2414223298518285,3.135910895405148,-0.36772993518570396,True,1,False,No
PRV54325,15,142000,9466.666666666666,15,0.14560936717434003,2.2174662192847716,-0.3236822150769623,True,1,False,No
PRV54332,995,333170,334.84422110552765,531,0.8570406125636922,-0.40349431459090906,3.2735482604702715,True,-1,True,No
PRV54337,149,640510,4298.724832214765,132,2.0007937064485253,0.7341947616747352,0.16818399280398597,True,1,False,No
PRV54348,217,959880,4423.410138248848,203,3.189315947595135,0.7699811852739361,0.41778774008685526,True,-1,True,No
PRV54350,1495,1425070,953.2240802675585,530,4.920501285475937,-0.22601066163233555,5.108869931667839,True,-1,True,Yes
PRV54359,490,584210,1192.265306122449,152,1.791275585846859,-0.1574024924886754,1.4198733725607273,False,-1,True,Yes
PRV54367,636,3133880,4927.4842767295595,558,11.279766998892157,0.9146575005419282,1.9557873005504176,True,-1,True,Yes
PRV54372,1617,673000,416.20284477427333,805,2.1217038971829503,-0.38014325372683383,5.5566884194400465,True,-1,True,Yes
PRV54374,854,280020,327.89227166276345,455,0.6592450866315687,-0.405489621139148,2.7559875491925574,True,-1,True,No
PRV54382,257,704830,2742.5291828793775,214,2.2401579252247092,0.2875448838204294,0.5646134737826607,True,1,False,Yes
PRV54460,5,47000,9400.0,5,-0.2079292022245639,2.1983319551989307,-0.3603886485009137,True,1,False,No
PRV54461,12,152000,12666.666666666666,12,0.18282395342685623,3.135910895405148,-0.3346941451041477,True,1,False,No
PRV54497,5,51000,10200.0,5,-0.1930433677235574,2.427943124229025,-0.3603886485009137,True,1,False,No
PRV54498,1,12000,12000.0,1,-0.3381802541083706,2.944568254546736,-0.3750712218704942,True,1,False,No
PRV54499,1,11000,11000.0,1,-0.34190171273362224,2.6575542932591185,-0.3750712218704942,True,1,False,No
PRV54500,2,25000,12500.0,2,-0.2898012919800995,3.0880752351905447,-0.3714005785280991,True,1,False,No
PRV54501,3,40000,13333.333333333334,3,-0.23397941260132524,3.3272535362635596,-0.36772993518570396,True,1,False,No
PRV54502,3,55000,18333.333333333332,3,-0.17815753322255093,4.762323342701646,-0.36772993518570396,True,1,False,No
PRV54514,387,644010,1664.108527131783,305,2.013818811636906,-0.0219769005200777,1.0417971082940283,True,-1,True,Yes
PRV54564,803,229780,286.1519302615193,330,0.47227900529892725,-0.41746968187021666,2.5687847387304052,True,1,False,No
PRV54566,308,755660,2453.4415584415583,247,2.4293196671462494,0.20457269957130392,0.7518162842448126,True,1,False,Yes
PRV54637,13,226000,17384.615384615383,12,0.4582118916954761,4.490028046095445,-0.3310235017617526,True,-1,True,No
PRV54638,6,82000,13666.666666666666,6,-0.07767815034075719,3.4229248566927652,-0.35671800515851854,True,1,False,No
PRV54674,3,27000,9000.0,3,-0.2823583747295963,2.0835263706838836,-0.36772993518570396,True,1,False,No
PRV54675,37,422000,11405.405405405405,34,1.1876177822447935,2.7739113045919366,-0.2429280615442693,True,1,False,Yes
PRV54676,40,375200,9380.0,36,1.0134535185830178,2.1925916759731785,-0.2319161315170839,True,1,False,Yes
PRV54680,18,257000,14277.777777777777,17,0.5735771090782763,3.5983222774796424,-0.3126702850497769,True,1,False,Yes
PRV54688,1032,401660,389.20542635658916,481,1.1119233138071756,-0.3878918897314326,3.4093620641388913,True,-1,True,Yes
PRV54690,840,224960,267.8095238095238,366,0.4543415747252144,-0.42273420860555144,2.7045985423990255,True,-1,True,No
PRV54718,29,302000,10413.793103448275,24,0.7410427472145993,2.4893047297456876,-0.2722932082834304,True,1,False,Yes
PRV54720,9,127000,14111.111111111111,9,0.08978748779556572,3.55048661726504,-0.3457060751313331,True,1,False,No
PRV54742,1892,2969530,1569.5190274841439,989,10.668145273832053,-0.049125407510160285,6.566115338598709,True,-1,True,Yes
PRV54745,828,295740,357.17391304347825,502,0.7177464162205242,-0.39708538125346565,2.6605508222902836,True,-1,True,No
PRV54761,822,216040,262.82238442822387,483,0.42114616378797,-0.4241655872348718,2.638526962235913,True,-1,True,No
PRV54765,239,2000500,8370.292887029289,201,7.061940222204476,1.9027916377391707,0.4985418936195482,True,-1,True,Yes
PRV54772,2115,1751320,828.0472813238771,1061,6.134627161964278,-0.2619381505584652,7.384668803952824,True,-1,True,Yes
PRV54778,1672,998160,596.9856459330143,857,3.331773383769767,-0.32825606583359185,5.758573803271779,True,-1,True,Yes
PRV54781,205,776560,3788.0975609756097,189,2.507098152414008,0.5876376058148984,0.3737400199781136,True,1,False,Yes
PRV54786,1316,415900,316.03343465045594,697,1.1649168846307587,-0.4088932729263146,4.45182477337911,True,-1,True,Yes
PRV54789,3,30000,10000.0,3,-0.27119399885384143,2.370540331971501,-0.36772993518570396,True,1,False,No
PRV54812,12,156000,13000.0,12,0.1977097879278627,3.2315822158343535,-0.3346941451041477,True,1,False,No
PRV54813,1056,300030,284.1193181818182,711,0.7337114737228536,-0.4180530699149727,3.4974575043563747,True,-1,True,No
PRV54818,5,46000,9200.0,5,-0.21165066084981551,2.1409291629414073,-0.3603886485009137,True,1,False,No
PRV54820,1,12000,12000.0,1,-0.3381802541083706,2.944568254546736,-0.3750712218704942,True,1,False,No
PRV54824,10,100000,10000.0,10,-0.010691895086228023,2.370540331971501,-0.34203543178893797,True,1,False,No
PRV54837,1843,524060,284.35160065111234,728,1.567429849537974,-0.41798640160332295,6.386253814821347,True,-1,True,Yes
PRV54876,3,58000,19333.333333333332,3,-0.16699315734679607,5.0493373039892635,-0.36772993518570396,True,1,False,Yes
PRV54879,245,643720,2627.4285714285716,197,2.0127395886355828,0.25450940138130673,0.520565753673919,True,1,False,Yes
PRV54883,1,13000,13000.0,1,-0.33445879548311896,3.2315822158343535,-0.3750712218704942,True,1,False,No
PRV54894,229,1757060,7672.751091703057,209,6.155988334473222,1.7025874038989126,0.46183546019559685,True,-1,True,Yes
PRV54895,3436,1057610,307.80267753201394,1469,3.553014099040976,-0.4112556151312749,12.2335886592568,True,-1,True,Yes
PRV54918,166,874860,5270.240963855422,139,2.872917535276242,1.0130334550717424,0.23058492962470328,True,-1,True,Yes
PRV54936,221,1139730,5157.149321266968,209,3.858620281346639,0.980574574743907,0.4324703134564358,True,-1,True,Yes
PRV54939,1380,407800,295.5072463768116,1163,1.1347730697662206,-0.41478457553286874,4.686745947292399,True,-1,True,Yes
PRV54949,412,525140,1274.611650485437,375,1.5714490248532458,-0.13376794199549996,1.1335631918539069,False,-1,True,No
PRV54955,314,2134890,6799.012738853503,300,7.562067046852042,1.451812298118644,0.7738401442991835,True,-1,True,Yes
PRV54966,1796,502010,279.51559020044544,1289,1.4853716868511757,-0.4193744041195972,6.213733577728775,True,-1,True,Yes
PRV54981,95,816730,8597.157894736842,90,2.6565891453903654,1.9679050622788612,-0.030030747685351397,True,-1,True,No
PRV54986,618,1693410,2740.145631067961,542,5.919117492975956,0.2868607711731005,1.8897157203873052,True,-1,True,Yes
PRV55000,764,1166020,1526.2041884816754,707,3.9564574286045047,-0.06155737103479416,2.425629648376995,True,-1,True,No
PRV55004,2399,703610,293.29303876615256,992,2.2356177457019024,-0.41542008403031716,8.427131513193043,True,-1,True,Yes
PRV55019,285,1857020,6515.859649122807,221,6.527985338653374,1.3705434081842087,0.6673914873697244,True,-1,True,Yes
PRV55022,137,716850,5232.481751824817,123,2.2848898579002337,1.0021960340517395,0.12413627269524433,True,1,False,Yes
PRV55030,311,782900,2517.363344051447,239,2.530692200098103,0.22291914447177583,0.762828214271998,True,-1,True,Yes
PRV55034,612,435780,712.0588235294117,466,1.2388994821007608,-0.29522845729369634,1.867691860332934,False,-1,True,Yes
PRV55037,649,313660,483.2973805855162,448,0.7844349547850331,-0.36088618522289506,2.0035056640015543,True,-1,True,No
PRV55039,2058,816200,396.5986394557823,647,2.6546167723189824,-0.38576993435318974,7.175442133436301,True,-1,True,Yes
PRV55048,94,866240,9215.31914893617,88,2.8408385619265735,2.1453259725611327,-0.03370139102774653,True,-1,True,Yes
PRV55049,148,725150,4899.6621621621625,117,2.3157779644898224,0.9066721652285417,0.16451334946159082,True,1,False,Yes
PRV55067,1,29000,29000.0,1,-0.2749154574790931,7.823805596436233,-0.3750712218704942,True,-1,True,No
PRV55124,9,152000,16888.88888888889,8,0.18282395342685623,4.347747620841755,-0.3457060751313331,True,1,False,No
PRV55128,8,111000,13875.0,8,0.0302441497915398,3.482719431961019,-0.34937671847372825,True,1,False,No
PRV55130,3,28000,9333.333333333334,3,-0.27863691610434466,2.1791976911130897,-0.36772993518570396,True,1,False,No
PRV55131,2,47000,23500.0,2,-0.2079292022245639,6.245228809354337,-0.3714005785280991,True,-1,True,No
PRV55132,10,108000,10800.0,10,0.01907977391578494,2.600151501001595,-0.34203543178893797,True,1,False,No
PRV55133,2,50000,25000.0,2,-0.19676482634880904,6.675749751285763,-0.3714005785280991,True,-1,True,No
PRV55134,1,11000,11000.0,1,-0.34190171273362224,2.6575542932591185,-0.3750712218704942,True,1,False,No
PRV55136,8,102000,12750.0,8,-0.003248977835724783,3.1598287255124493,-0.34937671847372825,True,1,False,No
PRV55137,2,38000,19000.0,2,-0.2414223298518285,4.953665983560058,-0.3714005785280991,True,1,False,No
PRV55140,9,85000,9444.444444444445,9,-0.06651377446500233,2.2110881312561586,-0.3457060751313331,True,1,False,No
PRV55143,1,10000,10000.0,1,-0.3456231713588738,2.370540331971501,-0.3750712218704942,True,1,False,No
PRV55144,2,41000,20500.0,2,-0.23025795397607363,5.384186925491485,-0.3714005785280991,True,-1,True,No
PRV55145,14,143000,10214.285714285714,14,0.14933082579959164,2.4320433236759906,-0.32735285841935746,True,1,False,No
PRV55147,6,112200,18700.0,6,0.03470990014184174,4.867561795173773,-0.35671800515851854,True,1,False,Yes
PRV55149,16,145000,9062.5,16,0.1567737430500949,2.10146474326436,-0.3200115717345672,True,1,False,No
PRV55151,1,10000,10000.0,1,-0.3456231713588738,2.370540331971501,-0.3750712218704942,True,1,False,No
PRV55158,698,508210,728.0945558739255,534,1.5084447303277357,-0.2906259782313495,2.183367187778916,True,-1,True,No
PRV55160,10,120000,12000.0,10,0.06373727741880438,2.944568254546736,-0.34203543178893797,True,1,False,No
PRV55161,2,28000,14000.0,2,-0.27863691610434466,3.518596177121971,-0.3714005785280991,True,1,False,No
PRV55169,721,1011760,1403.2732316227462,585,3.3823852210731893,-0.09684027192775264,2.267791984654004,True,-1,True,No
PRV55172,114,727600,6382.456140350877,98,2.3248955381216887,1.3322547386819097,0.039711475820156196,True,1,False,Yes
PRV55193,44,444380,10099.545454545454,38,1.2709040262779248,2.3991112672087684,-0.21723355814750334,True,1,False,Yes
PRV55194,421,1700900,4040.142517814727,368,5.946991218079091,0.65997802729986,1.166598981935463,True,-1,True,Yes
PRV55209,762,2914700,3825.0656167979005,659,10.464097697409507,0.5982479539575559,2.4182883616922046,True,-1,True,Yes
PRV55215,3393,2284560,673.315649867374,2638,8.119057759293451,-0.30634828903929195,12.075750995533808,True,-1,True,Yes
PRV55230,565,2612740,4624.3185840707965,515,9.340366050928527,0.8276447141654323,1.6951716232403626,True,-1,True,Yes
PRV55374,33,335000,10151.515151515152,31,0.8638508818479027,2.4140272958029585,-0.25761063491384983,True,1,False,Yes
PRV55375,14,147900,10564.285714285714,14,0.16756597306332457,2.5324982101266564,-0.32735285841935746,True,1,False,Yes
PRV55378,14,132000,9428.57142857143,13,0.10839478092182382,2.2065323540928627,-0.32735285841935746,True,1,False,No
PRV55379,4,36000,9000.0,4,-0.2488652471023317,2.0835263706838836,-0.3640592918433088,True,1,False,No
PRV55382,8,129000,16125.0,8,0.09723040504606896,4.128500844858158,-0.34937671847372825,True,1,False,No
PRV55383,8,70000,8750.0,8,-0.12233565384377663,2.0117728803619794,-0.34937671847372825,True,1,False,No
PRV55385,8,70000,8750.0,7,-0.12233565384377663,2.0117728803619794,-0.34937671847372825,True,1,False,No
PRV55387,6,90000,15000.0,6,-0.04790648133874423,3.8056101384095884,-0.35671800515851854,True,1,False,No
PRV55430,7,79000,11285.714285714286,6,-0.08884252621651205,2.739558282198438,-0.3530473618161234,True,1,False,Yes
PRV55431,2,58000,29000.0,2,-0.16699315734679607,7.823805596436233,-0.3714005785280991,True,-1,True,No
PRV55435,151,1250050,8278.476821192053,133,4.269171596884398,1.8764391449733808,0.17552527948877625,True,-1,True,Yes
PRV55443,38,341390,8983.947368421053,34,0.8876310024632605,2.0789190413053196,-0.23925741820187416,True,1,False,No
PRV55444,128,1313260,10259.84375,109,4.504404996586553,2.4451191159748307,0.0911004826136881,True,-1,True,Yes
PRV55453,795,294610,370.57861635220127,333,0.7135411679739898,-0.39323804425694386,2.539419591991244,True,-1,True,Yes
PRV55456,6,71300,11883.333333333334,6,-0.11749775763094952,2.911083292396514,-0.35671800515851854,True,1,False,No
PRV55462,1907,4713830,2471.85631882538,969,17.159485553858456,0.2098579928952269,6.621174988734635,True,-1,True,Yes
PRV55467,1896,569280,300.253164556962,703,1.7357142085718522,-0.41342243075603685,6.580797911968289,True,-1,True,Yes
PRV55472,23,255090,11090.869565217392,19,0.5664691231040457,2.683635127132646,-0.2943170683378012,True,1,False,Yes
PRV55479,672,162410,241.68154761904762,317,0.2215643377157256,-0.43023330255240855,2.0879304608766422,True,1,False,No
PRV55483,76,778040,10237.368421052632,60,2.5126059111793806,2.4386683827824043,-0.09977297119085898,True,-1,True,Yes
PRV55506,14,124940,8924.285714285714,11,0.08212128302754738,2.061795313614964,-0.32735285841935746,True,1,False,Yes
PRV55509,39,362510,9295.128205128205,38,0.9662282086285748,2.1682322859254346,-0.23558677485947904,True,1,False,Yes
PRV55510,861,255210,296.411149825784,791,0.5669156981390759,-0.41452514262335766,2.781682052589323,True,-1,True,No
PRV55525,933,294250,315.3804930332262,280,0.7122014428688992,-0.40908067628636524,3.045968373241773,True,-1,True,No
PRV55531,122,886130,7263.360655737705,111,2.914858373982828,1.5850866331592324,0.06907662255931729,True,-1,True,Yes
PRV55552,1206,436740,362.1393034825871,547,1.2424720823810025,-0.3956602448741974,4.048054005715645,True,-1,True,No
PRV55586,2,42000,21000.0,2,-0.226536495350822,5.527693906135293,-0.3714005785280991,True,-1,True,No
PRV55606,4,40000,10000.0,3,-0.23397941260132524,2.370540331971501,-0.3640592918433088,True,1,False,No
PRV55658,15,196400,13093.333333333334,14,0.34805671638802815,3.2583701855545315,-0.3236822150769623,True,1,False,No
PRV55659,20,227000,11350.0,18,0.46193335032072774,2.7580091797097848,-0.3053289983649866,True,1,False,Yes
PRV55661,14,202000,14428.57142857143,11,0.3688968846894372,3.64160216053095,-0.32735285841935746,True,1,False,No
PRV55664,20,205000,10250.0,17,0.38006126056519207,2.4422938222934056,-0.3053289983649866,True,1,False,No
PRV55665,1,9000,9000.0,1,-0.34934462998412547,2.0835263706838836,-0.3750712218704942,True,1,False,No
PRV55667,38,382180,10057.368421052632,33,1.039429299787274,2.387005869750633,-0.23925741820187416,True,1,False,Yes
PRV55668,4,47000,11750.0,4,-0.2079292022245639,2.872814764224832,-0.3640592918433088,True,1,False,No
PRV55670,9,98000,10888.888888888889,8,-0.018134812336731265,2.62566385311605,-0.3457060751313331,True,1,False,Yes
PRV55676,167,1040300,6229.34131736527,150,3.4885956502378703,1.288308646804958,0.23425557296709842,True,-1,True,Yes
PRV55689,577,1226770,2126.117850953206,361,4.18253604008854,0.11062622566172255,1.7392193433491043,True,-1,True,Yes
PRV55706,1,12000,12000.0,1,-0.3381802541083706,2.944568254546736,-0.3750712218704942,True,1,False,No
PRV55715,864,730210,845.1504629629629,421,2.3346085451335954,-0.2570292986456095,2.7926939826165085,True,-1,True,Yes
PRV55790,5,48000,9600.0,5,-0.20420774359931226,2.2557347474564544,-0.3603886485009137,True,1,False,No
PRV55791,10,129000,12900.0,10,0.09723040504606896,3.202880819705592,-0.34203543178893797,True,1,False,No
PRV55793,6,72000,12000.0,6,-0.11489273659327338,2.944568254546736,-0.35671800515851854,True,1,False,No
PRV55810,1,12000,12000.0,1,-0.3381802541083706,2.944568254546736,-0.3750712218704942,True,1,False,No
PRV55811,2,41000,20500.0,2,-0.23025795397607363,5.384186925491485,-0.3714005785280991,True,-1,True,No
PRV55812,17,161000,9470.588235294117,16,0.2163170810541208,2.2185917642309976,-0.31634092839217204,True,1,False,Yes
PRV55817,25,222000,8880.0,23,0.44332605719446966,2.0490846953293698,-0.28697578165301096,True,1,False,No
PRV55830,10,103120,10312.0,8,0.0009190558245570318,2.4600886878932378,-0.34203543178893797,True,1,False,No
PRV55831,810,235090,290.2345679012346,471,0.49203995059901334,-0.41629790786874005,2.5944792421271714,True,-1,True,No
PRV55849,176,1283730,7293.920454545455,167,4.394510323382873,1.5938577220711971,0.26729136304865464,True,-1,True,Yes
PRV55887,6,66000,11000.0,6,-0.13722148834478312,2.6575542932591185,-0.35671800515851854,True,1,False,No
PRV55905,95,789760,8313.263157894737,84,2.5562214062673294,1.886423309269103,-0.030030747685351397,True,-1,True,Yes
PRV55912,107,750080,7010.093457943925,100,2.408553928017345,1.5123954114562248,0.01401697242339024,True,1,False,Yes
PRV55913,1267,373270,294.6093133385951,587,1.0062711034362821,-0.4150422948511383,4.271963249601749,True,-1,True,Yes
PRV55916,127,1311040,10323.149606299212,106,4.496143358438494,2.463288780563972,0.08742983927129297,True,-1,True,No
PRV55934,653,254220,389.31087289433384,218,0.5632314541000768,-0.38786162510293043,2.0181882373711346,True,1,False,Yes
PRV55943,721,484070,671.3869625520111,519,1.4186087191141616,-0.3069018492257594,2.267791984654004,True,-1,True,No
PRV55969,688,204140,296.7151162790698,527,0.3768608061474757,-0.4144379000075015,2.1466607543549645,True,-1,True,No
PRV55971,620,1212000,1954.8387096774193,317,4.1275700961935735,0.06146672083821753,1.8970570070720953,True,-1,True,Yes
PRV55977,1302,371100,285.0230414746544,762,0.9981955382194861,-0.41779368871278794,4.400435766585578,True,-1,True,Yes
PRV55978,401,957490,2387.755610972569,342,3.180421661480784,0.1857199155872989,1.0931861150875604,True,-1,True,No
PRV56006,1090,289380,265.48623853211006,531,0.6940779393639238,-0.42340102391622314,3.6222593779978096,True,-1,True,No
PRV56007,81,836930,10332.469135802468,67,2.731762609620448,2.4659636156440383,-0.0814197544788833,True,-1,True,Yes
PRV56008,1370,476600,347.88321167883214,686,1.390809423183532,-0.399751942255273,4.650039513868448,True,-1,True,Yes
PRV56011,2833,741640,261.7860924814684,1164,2.3771448172202216,-0.42446301749156057,10.020190723792531,True,-1,True,Yes
PRV56017,13,210060,16158.461538461539,12,0.3988918412089653,4.138104773562782,-0.3310235017617526,True,1,False,No
PRV56019,659,186820,283.49013657056145,268,0.31240514275811765,-0.4182336538215889,2.040212097425506,True,1,False,No
PRV56057,9,97000,10777.777777777777,9,-0.021856270961982883,2.5937734129729813,-0.3457060751313331,True,1,False,No
PRV56103,116,691860,5964.310344827586,89,2.1918906068551958,1.212241057513008,0.047052762504946465,True,1,False,Yes
PRV56119,11,120000,10909.09090909091,11,0.06373727741880438,2.6314621149602444,-0.33836478844654283,True,1,False,No
PRV56120,4,36000,9000.0,4,-0.2488652471023317,2.0835263706838836,-0.3640592918433088,True,1,False,No
PRV56121,16,229000,14312.5,16,0.46937626757123097,3.6082880400243513,-0.3200115717345672,True,1,False,No
PRV56123,40,498000,12450.0,38,1.4704486377639168,3.073724537126164,-0.2319161315170839,True,-1,True,No
PRV56124,6,84000,14000.0,6,-0.07023523309025395,3.518596177121971,-0.35671800515851854,True,1,False,No
PRV56129,23,256000,11130.434782608696,21,0.5698556504530248,2.69499089690533,-0.2943170683378012,True,1,False,No
PRV56131,15,141000,9400.0,13,0.1418879085490884,2.1983319551989307,-0.3236822150769623,True,1,False,No
PRV56133,15,144000,9600.0,14,0.15305228442484325,2.2557347474564544,-0.3236822150769623,True,1,False,No
PRV56134,62,768000,12387.09677419355,58,2.475242466581854,3.055670433109685,-0.1511619779843909,True,-1,True,Yes
PRV56202,1,10000,10000.0,1,-0.3456231713588738,2.370540331971501,-0.3750712218704942,True,1,False,No
PRV56225,588,761100,1294.3877551020407,312,2.449564402067618,-0.12809192387065016,1.7795964201154508,True,-1,True,Yes
PRV56243,909,922780,1015.1595159515952,604,3.0512498325983,-0.20823432689258575,2.95787293302429,True,-1,True,No
PRV56248,934,283190,303.2012847965739,477,0.6710421104736163,-0.41257627908771366,3.0496390165841682,True,-1,True,No
PRV56249,1110,875110,788.3873873873874,666,2.873847899932555,-0.2733210938214239,3.695672244845712,True,-1,True,Yes
PRV56260,59,550510,9330.677966101695,53,1.6658624301758793,2.1784355636452637,-0.1621739080115763,True,1,False,No
PRV56268,1113,940670,845.1662174303684,873,3.117826727404051,-0.2570247768935115,3.7066841748728976,True,-1,True,Yes
PRV56270,1043,289970,278.01534036433367,485,0.6962735999528222,-0.4198049967679807,3.449739140905238,True,-1,True,No
PRV56285,13,140000,10769.23076923077,12,0.13816644992383678,2.5913203021927456,-0.3310235017617526,True,1,False,No
PRV56286,1,23000,23000.0,1,-0.2972442092306028,6.101721828710528,-0.3750712218704942,True,-1,True,No
PRV56288,2,24000,12000.0,2,-0.29352275060535116,2.944568254546736,-0.3714005785280991,True,1,False,No
PRV56329,14,177000,12642.857142857143,13,0.27586041905814673,3.1290772296602047,-0.32735285841935746,True,1,False,No
PRV56336,21,237000,11285.714285714286,21,0.49914793657324397,2.739558282198438,-0.3016583550225915,True,1,False,No
PRV56338,10,97400,9740.0,10,-0.020367687511882237,2.295916702036721,-0.34203543178893797,True,1,False,No
PRV56339,1,9000,9000.0,1,-0.34934462998412547,2.0835263706838836,-0.3750712218704942,True,1,False,No
PRV56340,3,57000,19000.0,3,-0.17071461597204768,4.953665983560058,-0.36772993518570396,True,1,False,No
PRV56341,1,18000,18000.0,1,-0.3158515023568609,4.666652022272441,-0.3750712218704942,True,1,False,No
PRV56342,5,52000,10400.0,5,-0.1893219090983058,2.485345916486548,-0.3603886485009137,True,1,False,No
PRV56350,158,812530,5142.594936708861,119,2.640959019164309,0.9763972631777812,0.20121978288554218,True,1,False,Yes
PRV56395,7,107000,15285.714285714286,7,0.015358315290533319,3.887614127348908,-0.3530473618161234,True,1,False,No
PRV56416,1592,2744870,1724.1645728643216,695,9.832082379083024,-0.0047399769351114595,5.464922335880168,True,-1,True,Yes
PRV56437,719,469300,652.712100139082,329,1.3636427752191953,-0.3122617954633954,2.260450697969214,True,-1,True,Yes
PRV56438,133,827300,6220.300751879699,126,2.695924963059275,1.2857138782926647,0.10945369932566379,True,-1,True,Yes
PRV56442,1330,1234150,927.9323308270676,611,4.210000404742897,-0.23326974682714474,4.503213780172642,True,-1,True,Yes
PRV56444,1317,383140,290.91875474563403,790,1.0430019000675157,-0.41610153669226807,4.455495416721505,True,-1,True,Yes
PRV56481,128,668910,5225.859375,85,2.106483131405671,1.0002953194461095,0.0911004826136881,True,1,False,Yes
PRV56519,7,69000,9857.142857142857,7,-0.12605711246902826,2.3295383375018415,-0.3530473618161234,True,1,False,No
PRV56541,54,584000,10814.814814814816,53,1.790494079535556,2.604403559687338,-0.18052712472355198,True,-1,True,Yes
PRV56546,9,80000,8888.888888888889,9,-0.08512106759126042,2.051635930540815,-0.3457060751313331,True,1,False,No
PRV56548,8,124000,15500.0,7,0.07862311191981086,3.949117119053397,-0.34937671847372825,True,1,False,No
PRV56556,880,852530,968.7840909090909,384,2.7898173641743735,-0.22154472134043188,2.8514242760948307,True,-1,True,No
PRV56559,1113,345330,310.26954177897574,807,0.902293549446752,-0.41054759065179564,3.7066841748728976,True,-1,True,No
PRV56560,2313,3212000,1388.672719412019,919,11.570487346696813,-0.10103082277418168,8.11145618574706,True,-1,True,Yes
PRV56575,830,1154530,1391.0,510,3.913697869000363,-0.10036286075359747,2.667892108975074,True,-1,True,Yes
PRV56588,269,1030600,3831.2267657992566,251,3.4524975015729296,0.6000162897385183,0.6086611938914023,True,-1,True,Yes
PRV56592,118,732240,6205.423728813559,99,2.342163106142856,1.2814439649702842,0.05439404918973674,True,1,False,Yes
PRV56608,856,235250,274.8247663551402,421,0.4926353839790536,-0.42072073605314064,2.7633288358773473,True,-1,True,Yes
PRV56647,183,1288910,7043.224043715847,157,4.413787479061676,1.5219043521184032,0.29298586644542063,True,-1,True,Yes
PRV56673,4,42640,10660.0,4,-0.22415476183066096,2.559969546421329,-0.3640592918433088,True,1,False,No
PRV56689,1794,505530,281.7892976588629,796,1.4984712212120614,-0.4187218183351476,6.2063922910439855,True,-1,True,Yes
PRV56748,463,1415780,3057.840172786177,361,4.885928934847349,0.3780435400710999,1.3207660023160588,True,-1,True,Yes
PRV56761,117,832220,7112.991452991453,107,2.7142345394955134,1.5419285726233694,0.050723405847341606,True,-1,True,No
PRV56802,13,185000,14230.76923076923,11,0.3056320880601597,3.5848301681883443,-0.3310235017617526,True,1,False,No
PRV56803,795,319420,401.7861635220126,416,0.8058705564664824,-0.38428104252166606,2.539419591991244,True,-1,True,No
PRV56819,25,220900,8836.0,23,0.43923245270669287,2.0364560810327146,-0.28697578165301096,True,1,False,No
PRV56870,13,119000,9153.846153846154,13,0.060015818793552764,2.1276823647281327,-0.3310235017617526,True,1,False,No
PRV56895,14,145000,10357.142857142857,14,0.1567737430500949,2.47304531814565,-0.32735285841935746,True,1,False,No
PRV56896,3,60000,20000.0,3,-0.15955024009629282,5.240679944847676,-0.36772993518570396,True,-1,True,No
PRV56900,2,19000,9500.0,2,-0.31213004373160924,2.2270333513276923,-0.3714005785280991,True,1,False,No
PRV56903,2,57000,28500.0,2,-0.17071461597204768,7.680298615792425,-0.3714005785280991,True,-1,True,No
PRV56912,7,90000,12857.142857142857,7,-0.04790648133874423,3.190580221364694,-0.3530473618161234,True,1,False,No
PRV56914,6,70000,11666.666666666666,6,-0.12233565384377663,2.8488969341175303,-0.35671800515851854,True,1,False,No
PRV56916,11,113700,10336.363636363636,10,0.04029208807971917,2.467081391677336,-0.33836478844654283,True,1,False,No
PRV56918,7,142000,20285.714285714286,7,0.14560936717434003,5.322683933786995,-0.3530473618161234,True,-1,True,Yes
PRV57016,16,197600,12350.0,15,0.3525224667383301,3.0450231409974022,-0.3200115717345672,True,1,False,No
PRV57017,23,266100,11569.565217391304,21,0.607442382568066,2.8210274625142397,-0.2943170683378012,True,1,False,Yes
PRV57018,33,332690,10081.515151515152,31,0.8552543124235715,2.393936318512825,-0.25761063491384983,True,1,False,Yes
PRV57020,6,53000,8833.333333333334,6,-0.18560045047305418,2.035690710469281,-0.35671800515851854,True,1,False,No
PRV57021,14,137000,9785.714285714286,12,0.12700207404808192,2.309037340267012,-0.32735285841935746,True,1,False,Yes
PRV57023,15,173000,11533.333333333334,15,0.26097458455714023,2.810628405945848,-0.3236822150769623,True,1,False,No
PRV57024,9,132700,14744.444444444445,9,0.11099980195949996,3.732262126080531,-0.3457060751313331,True,1,False,No
PRV57049,22,266560,12116.363636363636,22,0.6091542535356819,2.9779662427692952,-0.29798771168019633,True,1,False,Yes
PRV57073,10,108000,10800.0,9,0.01907977391578494,2.600151501001595,-0.34203543178893797,True,1,False,No
PRV57077,3,29000,9666.666666666666,2,-0.2749154574790931,2.2748690115422954,-0.36772993518570396,True,1,False,No
PRV57080,1,57000,57000.0,1,-0.17071461597204768,15.860196512489523,-0.3750712218704942,True,-1,True,No
PRV57081,37,414000,11189.18918918919,34,1.1578461132427806,2.7118542318811008,-0.2429280615442693,True,1,False,No
PRV57082,5,100000,20000.0,5,-0.010691895086228023,5.240679944847676,-0.3603886485009137,True,1,False,No
PRV57086,6,53000,8833.333333333334,6,-0.18560045047305418,2.035690710469281,-0.35671800515851854,True,1,False,No
PRV57091,4,46000,11500.0,3,-0.21165066084981551,2.8010612739029273,-0.3640592918433088,True,1,False,No
PRV57094,3,48000,16000.0,3,-0.20420774359931226,4.092624099697206,-0.36772993518570396,True,1,False,No
PRV57096,11,160000,14545.454545454546,11,0.21259562242886917,3.675149246915217,-0.33836478844654283,True,1,False,Yes
PRV57098,49,490000,10000.0,47,1.4406769687619037,2.370540331971501,-0.19888034143552766,True,1,False,No
PRV57103,2049,892770,435.71010248901905,804,2.9395688592544986,-0.37454439841626624,7.142406343354745,True,-1,True,Yes
PRV57141,17,175530,10325.29411764706,14,0.2703898748790268,2.463904285260944,-0.31634092839217204,True,1,False,No
PRV57144,8,70000,8750.0,8,-0.12233565384377663,2.0117728803619794,-0.34937671847372825,True,1,False,No
PRV57145,4,70000,17500.0,4,-0.12233565384377663,4.5231450416286325,-0.3640592918433088,True,1,False,No
PRV57146,9,103000,11444.444444444445,9,0.0004724807895268374,2.7851160538313935,-0.3457060751313331,True,1,False,No
PRV57172,1760,1386100,787.5568181818181,605,4.775476042849881,-0.2735594787792378,6.081590417402551,True,-1,True,Yes
PRV57173,1225,1326410,1082.7836734693878,938,4.553342177508612,-0.18882524956466626,4.1177962292211525,True,-1,True,Yes
PRV57177,564,848370,1504.2021276595744,257,2.774336096293327,-0.06787226966783644,1.6915009798979674,True,-1,True,Yes
PRV57191,1500,2424430,1616.2866666666666,784,8.639578177207396,-0.03570244212831443,5.127223148379815,True,-1,True,Yes
PRV57209,1108,485040,437.7617328519856,564,1.4222185339806557,-0.3739555518586933,3.688330958160922,True,-1,True,Yes
PRV57251,15,156000,10400.0,14,0.1977097879278627,2.485345916486548,-0.3236822150769623,True,1,False,No
PRV57285,8,83000,10375.0,8,-0.07395669171550556,2.4781705674543577,-0.34937671847372825,True,1,False,No
PRV57290,2,55000,27500.0,2,-0.17815753322255093,7.393284654504807,-0.3714005785280991,True,-1,True,No
PRV57295,14,173000,12357.142857142857,13,0.26097458455714023,3.047073240720885,-0.32735285841935746,True,1,False,Yes
PRV57305,675,175750,260.3703703703704,343,0.2712085957765822,-0.42486934950274924,2.098942390903828,True,1,False,No
PRV57306,2315,629460,271.9049676025918,1407,1.9596715886394946,-0.4215587590592722,8.11879747243185,True,-1,True,Yes
PRV57310,122,673420,5519.836065573771,99,2.123266909805556,1.0846707339339114,0.06907662255931729,True,1,False,Yes
PRV57317,458,926330,2022.5545851528384,352,3.064461010717943,0.0809021225004766,1.302412785604083,True,-1,True,Yes
PRV57333,1004,291020,289.8605577689243,723,0.7001811315093365,-0.41640525399837613,3.3065840505518276,True,-1,True,No
PRV57335,807,284670,352.75092936802974,306,0.6765498692389886,-0.39835483931886656,2.583467312099986,True,1,False,Yes
PRV57341,177,816350,4612.146892655367,158,2.6551749911127698,0.8241512687967194,0.2709620063910498,True,-1,True,Yes
PRV57348,920,255770,278.0108695652174,638,0.5689997149692169,-0.4198062799497452,2.9982500097906364,True,-1,True,No
PRV57397,7,65000,9285.714285714286,7,-0.14094294697003473,2.165530359623203,-0.3530473618161234,True,1,False,No
PRV57398,3,50600,16866.666666666668,3,-0.19453195117365807,4.341369532813141,-0.36772993518570396,True,1,False,No
PRV57399,1,57000,57000.0,1,-0.17071461597204768,15.860196512489523,-0.3750712218704942,True,-1,True,No
PRV57403,15,172000,11466.666666666666,13,0.25725312593188865,2.7914941418600066,-0.3236822150769623,True,1,False,No
PRV57481,62,776000,12516.129032258064,52,2.5050141355838673,3.0927044926306677,-0.1511619779843909,True,-1,True,Yes
PRV57487,15,140000,9333.333333333334,14,0.13816644992383678,2.1791976911130897,-0.3236822150769623,True,1,False,No
PRV57489,17,182000,10705.882352941177,17,0.2944677121844048,2.5731384222921725,-0.31634092839217204,True,1,False,No
PRV57490,21,201200,9580.952380952382,19,0.36591971778923593,2.2502678148605,-0.3016583550225915,True,1,False,No
PRV57502,260,1197550,4605.961538461538,235,4.0737950190586885,0.8223759857875815,0.5756254038098461,True,-1,True,Yes
PRV57527,165,665500,4033.3333333333335,135,2.093792957493563,0.6580236962887172,0.22691428628230814,True,1,False,Yes
PRV57530,478,505590,1057.7196652719665,391,1.4986945087295764,-0.19601896984315348,1.3758256524519858,False,-1,True,No
PRV57548,210,1069050,5090.714285714285,180,3.5955875857138544,0.9615067920216477,0.3920932366900893,True,-1,True,Yes
PRV57567,12,112290,9357.5,11,0.03504483141811439,2.186133861844207,-0.3346941451041477,True,1,False,No
PRV57629,10,122300,12230.0,9,0.07229663225688311,3.010581465642888,-0.34203543178893797,True,1,False,No
PRV57631,18,227000,12611.111111111111,17,0.46193335032072774,3.1199656753336136,-0.3126702850497769,True,1,False,Yes
PRV57635,18,275000,15277.777777777777,16,0.6405633643328055,3.88533623876726,-0.3126702850497769,True,1,False,No
PRV57715,860,688200,800.2325581395348,387,2.178270068286775,-0.2699213644417218,2.778011409246928,True,-1,True,No
PRV57757,11,109000,9909.09090909091,11,0.022801232541036557,2.344448153672627,-0.33836478844654283,True,1,False,No
